size,seq_len,baseline_file,sparge_file,baseline_mean_ms,sparge_mean_ms,speedup,baseline_min_ms,baseline_max_ms,sparge_min_ms,sparge_max_ms,baseline_use_cache,sparge_use_cache,baseline_prompt_mode,sparge_prompt_mode
h640,1024,h640_baseline_seq1024_cache.json,h640_sparge_seq1024_topk0.5_cache.json,11.564646530151368,20.99447708129883,0.5508423232152214,11.471872329711914,11.618304252624512,20.773120880126953,21.595136642456055,True,True,synthetic_random_tokens,synthetic_random_tokens
h640,4096,h640_baseline_seq4096_cache.json,h640_sparge_seq4096_topk0.5_cache.json,100.6540740966797,27.36841583251953,3.6777457165453153,100.53632354736328,100.88652801513672,26.51750373840332,27.92038345336914,True,True,synthetic_random_tokens,synthetic_random_tokens
h640,8192,h640_baseline_seq8192_cache.json,h640_sparge_seq8192_topk0.5_cache.json,365.8763061523438,51.40282287597656,7.117825163709801,365.4253845214844,366.25897216796875,50.297855377197266,53.01481628417969,True,True,synthetic_random_tokens,synthetic_random_tokens
h896,1024,h896_baseline_seq1024_cache.json,h896_sparge_seq1024_topk0.5_cache.json,14.407097625732423,27.979199981689455,0.5149217145293975,13.941760063171387,14.66982364654541,26.521535873413086,29.910015106201172,True,True,synthetic_random_tokens,synthetic_random_tokens
h896,4096,h896_baseline_seq4096_cache.json,h896_sparge_seq4096_topk0.5_cache.json,185.39740905761718,42.57662734985352,4.354440936201938,184.8074188232422,185.75462341308594,41.72902297973633,43.62752151489258,True,True,synthetic_random_tokens,synthetic_random_tokens
h896,8192,h896_baseline_seq8192_cache.json,h896_sparge_seq8192_topk0.5_cache.json,671.3043090820313,94.98770599365234,7.06727572857578,670.488525390625,671.5719604492188,94.40262603759766,95.37433624267578,True,True,synthetic_random_tokens,synthetic_random_tokens
h1152,1024,h1152_baseline_seq1024_cache.json,h1152_sparge_seq1024_topk0.5_cache.json,23.059212493896485,37.113990020751956,0.6213078270755349,21.696319580078125,26.234880447387695,36.28646469116211,38.100894927978516,True,True,synthetic_random_tokens,synthetic_random_tokens
h1152,4096,h1152_baseline_seq4096_cache.json,h1152_sparge_seq4096_topk0.5_cache.json,193.45667114257813,72.65019989013672,2.6628511887803157,192.9981689453125,194.25967407226562,71.81804656982422,73.40534210205078,True,True,synthetic_random_tokens,synthetic_random_tokens
h1152,8192,h1152_baseline_seq8192_cache.json,h1152_sparge_seq8192_topk0.5_cache.json,647.9310302734375,159.36150817871095,4.065793789720135,647.6964111328125,648.2124633789062,154.8858184814453,166.98880004882812,True,True,synthetic_random_tokens,synthetic_random_tokens
